pipeline,task_name,model_name,experiment_id,learning_rate,weight_decay,batch_size,seed,test_hard_loss,test_hard_accuracy,test_hard_f1_score,test_loss,test_accuracy,test_f1_score,test_easy_loss,test_easy_accuracy,test_easy_f1_score,test_medium_loss,test_medium_accuracy,test_medium_f1_score,test_cross_device_loss,test_cross_device_accuracy,test_cross_device_f1_score,test_cross_env_loss,test_cross_env_accuracy,test_cross_env_f1_score,test_cross_user_loss,test_cross_user_accuracy,test_cross_user_f1_score
supervised,MotionSourceRecognitionUpdated,mlp,params_3eba2706,0.001,1e-05,128,11,0.057538020615801926,0.9805389221556886,0.9804974275957752,0.03241709276955883,0.9888292629503888,0.9888320098541077,0.04478606460038963,0.9791907514450867,0.9819415266036896,0.02266916949239218,0.9928137975087832,0.9928193735832298,,,,,,,,,
supervised,MotionSourceRecognitionUpdated,mlp,params_a56bbd55,0.001,1e-05,128,3,0.04213742570190406,0.9840319361277445,0.9840010507903351,0.03432341941149767,0.9885007118606943,0.9885128162752373,0.03548365259171472,0.9838150289017341,0.9838377927740685,0.03166244721372651,0.9905780900670712,0.9906059861524117,,,,,,,,,
supervised,MotionSourceRecognitionUpdated,mlp,params_d4700539,0.001,1e-05,128,99,0.053438130179719864,0.9775449101796407,0.9775375119479711,0.034804323435312666,0.9870769904720184,0.9870864294726668,0.03118955200517263,0.9849710982658959,0.9850093798478164,0.02934035565137009,0.9904183966783775,0.9904371541020834,,,,,,,,,
supervised,MotionSourceRecognitionUpdated,mlp,params_fc13ed90,0.001,1e-05,128,42,0.04719184492664853,0.9855289421157685,0.9855154221958314,0.03316489397927014,0.989048297010185,0.9890596998531999,0.05228839161912803,0.9803468208092485,0.9809648161837835,0.0260342896049254,0.9913765570105397,0.9913932281987968,,,,,,,,,
supervised,MotionSourceRecognitionUpdated,lstm,params_58ba7f06,0.001,1e-05,128,99,0.0998680116227078,0.970558882235529,0.9706284783468871,0.06829286378221858,0.9810535538276202,0.9810552050627197,0.11007921789568241,0.9630057803468208,0.9685214315125268,0.05241586635367976,0.9869051421271159,0.9869005744786883,,,,,,,,,
supervised,MotionSourceRecognitionUpdated,lstm,params_5b561c0c,0.001,1e-05,128,42,0.0782600443161321,0.9800399201596807,0.9800710019343237,0.06834633269759079,0.9862008542328332,0.9862068527823353,0.1210449397117956,0.976878612716763,0.9780635782038464,0.05789417967074515,0.9894602363462153,0.989464946751926,,,,,,,,,
supervised,MotionSourceRecognitionUpdated,lstm,params_8db9f297,0.001,1e-05,128,3,0.09732564600526603,0.9700598802395209,0.9699771701173672,0.06686086643853584,0.9807250027379257,0.9807294316005015,0.13743100794990457,0.9549132947976878,0.959754931836588,0.047363168250172095,0.9877036090705845,0.9877120998544658,,,,,,,,,
supervised,MotionSourceRecognitionUpdated,lstm,params_99c3b783,0.001,1e-05,128,11,0.1310235758585309,0.9570858283433133,0.9569922524305969,0.06450910134990373,0.9794107983791479,0.9794212163995792,0.10678352117269284,0.9710982658959537,0.9732843607862623,0.03738319922725815,0.9877036090705845,0.9877277922054252,,,,,,,,,
supervised,MotionSourceRecognitionUpdated,resnet18,params_9b93ff60,0.001,1e-05,128,3,0.013557955083206525,0.9970059880239521,0.9970059880239521,0.009591087659057347,0.9974811083123426,0.9974816880156927,0.0007623281024711094,1.0,1.0,0.009541147083768868,0.9972852123922069,0.9972867140499995,,,,,,,,,
supervised,MotionSourceRecognitionUpdated,resnet18,params_c6be176d,0.001,1e-05,128,42,0.015739978070811417,0.9960079840319361,0.9960022862783766,0.009351141101985077,0.9970430401927499,0.9970414978462067,0.005639406408822047,0.9988439306358381,0.9988441118308328,0.007819269169258809,0.9971255190035132,0.9971243630013137,,,,,,,,,
supervised,MotionSourceRecognitionUpdated,resnet18,params_c914b0a5,0.001,1e-05,128,99,0.030278537856013386,0.9900199600798403,0.9899994743562972,0.013230145728453824,0.9961669039535648,0.9961664872381798,0.009402805061642797,0.9976878612716763,0.9976885785801263,0.008302913620414796,0.9979239859469818,0.9979239270104592,,,,,,,,,
supervised,MotionSourceRecognitionUpdated,resnet18,params_f74bac7c,0.001,1e-05,128,11,0.01021225719059494,0.9960079840319361,0.9960069581860233,0.010267391868893697,0.9967144891030555,0.9967145359103765,0.010793450925663393,0.9976878612716763,0.9976885785801263,0.010212368552605522,0.9968061322261258,0.9968059895766807,,,,,,,,,
supervised,MotionSourceRecognitionUpdated,transformer,params_0fe9cb31,0.001,1e-05,128,3,0.09720246319820781,0.9725548902195609,0.9725592950171581,0.0632769164468051,0.981601138977111,0.9816089742137875,0.056839848694396934,0.9803468208092485,0.9814847709145713,0.05330905580577636,0.984669434685404,0.9846933594560835,,,,,,,,,
supervised,MotionSourceRecognitionUpdated,transformer,params_24287a0e,0.001,1e-05,128,42,0.0745098717708676,0.9830339321357285,0.9830224027006864,0.06331319944747259,0.9854342350235462,0.98551430989584,0.036553976113431565,0.9930635838150289,0.9930697712285272,0.06342635438198033,0.9851485148514851,0.985308421496995,,,,,,,,,
supervised,MotionSourceRecognitionUpdated,transformer,params_63301af9,0.001,1e-05,128,99,0.0614505359083191,0.9830339321357285,0.983075699624563,0.04672161925854825,0.9868579564122221,0.9868693517984698,0.04681324585474828,0.9838150289017341,0.9855211323468058,0.04199533280355071,0.988502076014053,0.988515078122491,,,,,,,,,
supervised,MotionSourceRecognitionUpdated,transformer,params_c4c6d577,0.001,1e-05,128,11,0.06085176842855085,0.9845309381237525,0.9845656825557608,0.050556374869623166,0.9867484393823239,0.986751295471847,0.03777822363463779,0.991907514450867,0.9919112411308345,0.04902669215843618,0.9867454487384222,0.9867625211117653,,,,,,,,,
supervised,MotionSourceRecognitionUpdated,vit,params_3abd77e0,0.001,1e-05,128,3,0.07976203256225337,0.9770459081836327,0.9769838355566549,0.034732012373124774,0.989048297010185,0.9890533526041893,0.05537073244058091,0.9722543352601156,0.9734632592514438,0.01747033157225559,0.9952091983391887,0.9952119959903297,,,,,,,,,
supervised,MotionSourceRecognitionUpdated,vit,params_4b4227a9,0.001,1e-05,128,11,0.07373121661225152,0.9795409181636726,0.9794897717310342,0.03334739440310953,0.9905815354287592,0.9905780168567234,0.03231045852113795,0.9861271676300578,0.9861503141577644,0.020566777808039057,0.9947301181731076,0.9947284087698304,,,,,,,,,
supervised,MotionSourceRecognitionUpdated,vit,params_5666fb92,0.001,1e-05,128,42,0.06163789765089527,0.9800399201596807,0.9801243870359932,0.04601131590396585,0.9868579564122221,0.9868514223827408,0.021509086270639983,0.9930635838150289,0.9930657357403789,0.04439502053738535,0.9881826892366656,0.988168242455747,,,,,,,,,
supervised,MotionSourceRecognitionUpdated,vit,params_b8db6ff9,0.001,1e-05,128,99,0.038049393048149326,0.9875249500998003,0.9875298333209532,0.029962939300808237,0.9906910524586573,0.990698051254879,0.047743774062299134,0.9838150289017341,0.9838458089940396,0.02491891480097681,0.9926541041200895,0.9926632736090044,,,,,,,,,
supervised,MotionSourceRecognitionUpdated,patchtst,params_4a03fa45,0.001,1e-05,128,3,0.06245840433682919,0.9850299401197605,0.985068213034167,0.05060401019869655,0.9872960245318146,0.9873301148844901,0.05047194567869681,0.9815028901734104,0.9826423471698572,0.04682854683123855,0.9888214627914405,0.988870280238238,,,,,,,,,
supervised,MotionSourceRecognitionUpdated,patchtst,params_6ad611be,0.001,1e-05,128,99,0.10194934834865574,0.9720558882235529,0.9719097507192052,0.05610513508748441,0.9839009966049721,0.9839082699819568,0.05201328914111879,0.9849710982658959,0.9861272467823236,0.0419990414733032,0.9875439156818908,0.9875522403159874,,,,,,,,,
supervised,MotionSourceRecognitionUpdated,patchtst,params_ab391588,0.001,1e-05,128,11,0.11219367107186845,0.968562874251497,0.9684333323437175,0.06501741746705515,0.980944036797722,0.9809548145872591,0.09524104823654442,0.9699421965317919,0.9751293104852962,0.045744873739181714,0.9864260619610348,0.9864551874392226,,,,,,,,,
supervised,MotionSourceRecognitionUpdated,patchtst,params_d2039c36,0.001,1e-05,128,42,0.08835045746090764,0.9740518962075848,0.974354612912109,0.06760115599967431,0.9795203154090462,0.9796085857343493,0.0434484271788189,0.9838150289017341,0.9871148860128058,0.06429718685503281,0.9806770999680613,0.9807525804430222,,,,,,,,,
supervised,MotionSourceRecognitionUpdated,timesformer1d,params_29251a5c,0.001,1e-05,128,99,0.10156505877345413,0.9715568862275449,0.9715249209261436,0.06206944238815945,0.9817106560070091,0.9817081444539074,0.08629449914301061,0.9699421965317919,0.9722069145843963,0.046083514134247,0.9865857553497285,0.986576081006987,,,,,,,,,
supervised,MotionSourceRecognitionUpdated,timesformer1d,params_3cb934f5,0.001,1e-05,128,42,0.11221101385970672,0.969560878243513,0.9694651123444382,0.06396169134782564,0.9808345197678239,0.9808481045973372,0.10953921389717587,0.9606936416184971,0.9640724755419006,0.04222483613329911,0.9872245289045034,0.987241908667151,,,,,,,,,
supervised,MotionSourceRecognitionUpdated,timesformer1d,params_48bb7f3d,0.001,1e-05,128,3,0.09724220903701856,0.9755489021956087,0.9755345872812596,0.06886165760574403,0.9813821049173146,0.9814512347125772,0.07861175578884307,0.9722543352601156,0.9755884966035,0.05843233388049349,0.9845097412967103,0.9846243296300599,,,,,,,,,
supervised,MotionSourceRecognitionUpdated,timesformer1d,params_805400e1,0.001,1e-05,128,11,0.07722933087386415,0.9760479041916168,0.9760736468443686,0.057103153740301366,0.9833534114554813,0.9833491239853546,0.13160485261432137,0.9595375722543352,0.9649203551811067,0.04037098811849528,0.9889811561801342,0.9889770527100102,,,,,,,,,
supervised,BreathingDetection_Subset,mlp,params_389aead5,0.001,1e-05,128,3,0.12074090334135383,0.96484375,0.9648544992897093,0.08442737209885849,0.9758779236356367,0.975876541495552,0.052235133935941015,0.9837627956230145,0.9837697835737117,0.08359248800734288,0.9786780383795309,0.9786829063000965,,,,,,,,,
supervised,BreathingDetection_Subset,mlp,params_7c77bd50,0.001,1e-05,128,99,0.12739994835245871,0.9654296875,0.9654423365392326,0.08451435372459405,0.9768774571866462,0.9768678879295186,0.04797168569251334,0.9871161313095659,0.9871155716356912,0.08154739161359927,0.9770196635868278,0.9770202680434482,,,,,,,,,
supervised,BreathingDetection_Subset,mlp,params_b6406f90,0.001,1e-05,128,42,0.11848546438776172,0.9654296875,0.9654433479267354,0.08271965579281909,0.9758779236356367,0.9758640657998149,0.050528071659062895,0.9857042004941757,0.9856985736005817,0.08254827044731859,0.9753612887941246,0.9753617236228023,,,,,,,,,
supervised,BreathingDetection_Subset,mlp,params_d4987863,0.001,1e-05,128,11,0.1246059473100666,0.9626953125,0.9627102747350204,0.08363530219130082,0.9748117545145599,0.9747976131535186,0.048304054672055834,0.9851747264384045,0.9851708460521592,0.0813650245852639,0.9755981994787964,0.9755996586166804,,,,,,,,,
supervised,BreathingDetection_Subset,lstm,params_04a90ae0,0.001,1e-05,128,99,0.07470583523766602,0.9822265625,0.9822314794924946,0.054992174447700014,0.9859398947157993,0.9859344298899886,0.043386979105109344,0.9892340275326509,0.9892316812612686,0.0466579151338662,0.9860222696043591,0.9860202185126317,,,,,,,,,
supervised,BreathingDetection_Subset,lstm,params_223749b3,0.001,1e-05,128,42,0.07977734324721357,0.9830078125,0.9830126611784603,0.05580733797018795,0.988072232957953,0.9880684872932594,0.03681604886246547,0.9931168372749736,0.9931147336279647,0.05222482554711122,0.9874437337123905,0.9874438452177742,,,,,,,,,
supervised,BreathingDetection_Subset,lstm,params_982f3227,0.001,1e-05,128,3,0.08395193399412904,0.98125,0.9812569055174052,0.057467496754285176,0.9868061571266742,0.9867984046244599,0.03817479823511945,0.9918813978115072,0.9918778442473489,0.051239604192198904,0.9867330016583747,0.9867311951238856,,,,,,,,,
supervised,BreathingDetection_Subset,lstm,params_e5cb6e08,0.001,1e-05,128,11,0.0782217801861563,0.9767578125,0.97676693647318,0.053189647726442024,0.9839408276137802,0.9839302241997876,0.03563360125915449,0.9901164842922697,0.9901130292463902,0.046392216463493986,0.984363894811656,0.9843617656817223,,,,,,,,,
supervised,BreathingDetection_Subset,resnet18,params_6653c7cc,0.001,1e-05,128,11,0.05288877479761141,0.98515625,0.9851602902329205,0.04052432494758944,0.9868061571266742,0.9868046331940875,0.029843334909732313,0.9904694669961172,0.99047275387824,0.03986393987207553,0.9838900734423123,0.9838921446212323,,,,,,,,,
supervised,BreathingDetection_Subset,resnet18,params_b745243f,0.001,1e-05,128,42,0.052231421606848016,0.98125,0.9812569055174052,0.04491251227433799,0.9836076497634437,0.9836003466159924,0.037448899550879544,0.9869396399576421,0.9869362215221402,0.04605348156604036,0.9819947879649372,0.9819954153659883,,,,,,,,,
supervised,BreathingDetection_Subset,resnet18,params_bf12c296,0.001,1e-05,128,3,0.049015835157842955,0.985546875,0.9855505397696073,0.04118587255850633,0.9873392416872127,0.9873373316517923,0.033837382348817786,0.9904694669961172,0.9904686382856713,0.04155238165796594,0.9853115375503435,0.9853134259781823,,,,,,,,,
supervised,BreathingDetection_Subset,resnet18,params_c2b2f53b,0.001,1e-05,128,99,0.06361977664346341,0.980859375,0.9808665119162991,0.04631828799066311,0.9855400812953955,0.9855337309464022,0.03383212123017533,0.9897635015884222,0.9897617183880054,0.04209249895405809,0.9855484482350154,0.9855490736279613,,,,,,,,,
supervised,BreathingDetection_Subset,transformer,params_2a909648,0.001,1e-05,128,42,0.09349651742848461,0.97421875,0.9742090501978599,0.08926281118270914,0.9754114746451656,0.9754335255590154,0.07393505692966466,0.9807624426403106,0.9808167228945514,0.1047023928334732,0.9696754323619995,0.9696861728385971,,,,,,,,,
supervised,BreathingDetection_Subset,transformer,params_4b62da0f,0.001,1e-05,128,3,0.07082070026722427,0.97890625,0.9789005408582169,0.0694483877212843,0.9798094222696075,0.9798262094389086,0.05447623848184276,0.9846452523826332,0.9846802138357983,0.0878814527598295,0.9744136460554371,0.9744226961972046,,,,,,,,,
supervised,BreathingDetection_Subset,transformer,params_9f644081,0.001,1e-05,128,11,0.07981262477280779,0.971875,0.9718556850816759,0.08100023479189865,0.9740121276737522,0.9740387478747113,0.06759591424286236,0.979703494528768,0.9797607626869119,0.10043388911312537,0.9689647003079839,0.968975691827607,,,,,,,,,
supervised,BreathingDetection_Subset,transformer,params_bc0df41c,0.001,1e-05,128,99,0.07020374508967109,0.9767578125,0.9767535776624774,0.06562358879858299,0.980142600119944,0.9801555754228515,0.05477837039570238,0.9839392869749383,0.9839733149770388,0.0746258617954208,0.9791518597488746,0.9791586131188728,,,,,,,,,
supervised,BreathingDetection_Subset,vit,params_71ea36b7,0.001,1e-05,128,42,0.0361686383952474,0.9908203125,0.9908216747172478,0.02746036529813828,0.9932031718531352,0.9932023069335221,0.020120494725479176,0.9954112248499823,0.9954100237780492,0.02674995244363068,0.9931295901445155,0.9931298874624735,,,,,,,,,
supervised,BreathingDetection_Subset,vit,params_93c00d5f,0.001,1e-05,128,11,0.03306242169765028,0.9921875,0.9921888964746772,0.02353356473433869,0.9945358832544813,0.9945346671458959,0.01803716145525859,0.9962936816096011,0.9962912379570821,0.019353247235501102,0.9950248756218906,0.9950250064836331,,,,,,,,,
supervised,BreathingDetection_Subset,vit,params_9c33e8b1,0.001,1e-05,128,99,0.03655204656015485,0.99296875,0.9929693753160246,0.029264204144986605,0.9939361631238756,0.9939359204909494,0.027145006021706962,0.9945287680903636,0.994528530420636,0.023268854938905525,0.994314143567875,0.9943144369129815,,,,,,,,,
supervised,BreathingDetection_Subset,vit,params_e0ff8eff,0.001,1e-05,128,3,0.038431597633461934,0.990625,0.9906271910981268,0.02580677447783477,0.993602985273539,0.9936006190729307,0.015478646763535647,0.9961171902576774,0.9961151473914754,0.024356900088822665,0.9938403221985311,0.9938394834503755,,,,,,,,,
supervised,BreathingDetection_Subset,patchtst,params_1df5d4de,0.001,1e-05,128,99,0.06629881918179308,0.9876953125,0.9876977247441916,0.049640873161679366,0.9902045712001066,0.9902019754869154,0.03711949141121292,0.9925873632192023,0.992583463201908,0.04624297750045432,0.9900497512437811,0.9900493865746975,,,,,,,,,
supervised,BreathingDetection_Subset,patchtst,params_93063061,0.001,1e-05,128,11,0.07630810637165268,0.984375,0.9843792528767586,0.052587408973462,0.9884720463783567,0.9884669836577308,0.03700373098523771,0.992057889163431,0.9920505213133474,0.0447331442797962,0.9886282871357498,0.9886274330883396,,,,,,,,,
supervised,BreathingDetection_Subset,patchtst,params_9716e813,0.001,1e-05,128,42,0.06434976021191688,0.98515625,0.9851600138174345,0.04963161842855644,0.9877390551076164,0.987737205389104,0.03697736822417157,0.9911754324038122,0.9911769592823177,0.04876501900244313,0.986259180289031,0.9862603308501757,,,,,,,,,
supervised,BreathingDetection_Subset,patchtst,params_ca4fad74,0.001,1e-05,128,3,0.07473518340120791,0.982421875,0.9824245929057088,0.053786736839609335,0.9871393349770107,0.9871396990438911,0.034145505883870005,0.9922343805153547,0.9922330277426248,0.054741760523002655,0.9860222696043591,0.9860253854588684,,,,,,,,,
supervised,BreathingDetection_Subset,timesformer1d,params_541575ea,0.001,1e-05,128,99,0.08467558958445806,0.9859375,0.9859342575255223,0.07545130903082244,0.9867395215566069,0.9867462680374302,0.046400673790350046,0.992057889163431,0.9920636652288446,0.10325812783259505,0.980573323856906,0.9805795099959591,,,,,,,,,
supervised,BreathingDetection_Subset,timesformer1d,params_8a6d1d43,0.001,1e-05,128,3,0.0755081929572043,0.9828125,0.9828101667407093,0.06818489054254052,0.9842740054641167,0.984281778924454,0.05040821989255596,0.9883515707730322,0.988372054934973,0.08316411938649787,0.980573323856906,0.980578156050684,,,,,,,,,
supervised,BreathingDetection_Subset,timesformer1d,params_a618459f,0.001,1e-05,128,11,0.050237273485254266,0.9876953125,0.9876961459562889,0.04380286805079095,0.9894715799293663,0.9894716994336928,0.031963528026718195,0.992763854571126,0.9927666597313402,0.05189041719299531,0.9872068230277186,0.9872070488041472,,,,,,,,,
supervised,BreathingDetection_Subset,timesformer1d,params_dda68b66,0.001,1e-05,128,42,0.08519610346884292,0.9876953125,0.9876964918667287,0.07841353411595237,0.9868727926967416,0.9868733121203274,0.06593379397233837,0.9888810448288033,0.9888891313203826,0.086938401684165,0.9831793413882967,0.9831797838256167,,,,,,,,,
supervised,Localization,mlp,params_70f739b6,0.001,1e-05,128,99,0.6402594677723237,0.8065693430656934,0.80510247695896,0.4491624356713547,0.8742463393626184,0.8720211041678521,0.350720792506518,0.9185393258426966,0.9252262105995823,0.17804846271920238,0.9571984435797666,0.9594953027043929,,,,,,,,,
supervised,Localization,mlp,params_80d977c2,0.001,1e-05,128,42,0.6715819313578362,0.7864963503649635,0.7831116489864154,0.45900022062456153,0.859603789836348,0.8566019642480561,0.37294817941912106,0.9044943820224719,0.912595425932394,0.12491361311076758,0.953307392996109,0.9535103042578658,,,,,,,,,
supervised,Localization,mlp,params_c7b3c087,0.001,1e-05,128,3,0.6570680289372911,0.8102189781021898,0.8102394403678641,0.4212224412677187,0.8768303186907838,0.8747091233081837,0.26468643043818096,0.9241573033707865,0.9292625837569658,0.1351657326578951,0.953307392996109,0.9534767715630266,,,,,,,,,
supervised,Localization,mlp,params_feff1e0d,0.001,1e-05,128,11,0.6782635920239191,0.8047445255474452,0.8026773520567371,0.4552454057818501,0.8751076658053403,0.8725259112826884,0.36869525574566275,0.9073033707865169,0.9139966102852604,0.09959523499507777,0.980544747081712,0.9806625830639465,,,,,,,,,
supervised,Localization,lstm,params_7c81c708,0.001,1e-05,128,42,0.07418410009602561,0.9799270072992701,0.9800152668711883,0.041090411422946664,0.9888027562446167,0.9888556783745713,0.019305397076218315,0.9943820224719101,0.9957775874672559,0.0007017749667000968,1.0,1.0,,,,,,,,,
supervised,Localization,lstm,params_973ce980,0.001,1e-05,128,99,0.06032347505110024,0.9890510948905109,0.989068210333516,0.028563231459755006,0.9948320413436692,0.994813399600424,0.00019359754923642142,1.0,1.0,0.00013902040116569564,1.0,1.0,,,,,,,,,
supervised,Localization,lstm,params_b569a792,0.001,1e-05,128,3,0.09635392760001395,0.9781021897810219,0.9780787285957818,0.04575471108360978,0.9896640826873385,0.9896515315726445,0.0006468659456494903,1.0,1.0,0.00034625068622195533,1.0,1.0,,,,,,,,,
supervised,Localization,lstm,params_f960bf0a,0.001,1e-05,128,11,0.052602231815239806,0.9854014598540146,0.9853314155765548,0.03436904295753129,0.9913867355727821,0.9913522834328116,0.030891519081726503,0.9943820224719101,0.994380939422563,0.00030760503177447717,1.0,1.0,,,,,,,,,
supervised,Localization,resnet18,params_11adb554,0.001,1e-05,128,42,0.00046870039510846576,1.0,1.0,0.00044381416121595617,1.0,1.0,0.0004491365718749467,1.0,1.0,0.00038337667566879944,1.0,1.0,,,,,,,,,
supervised,Localization,resnet18,params_1cb56cdf,0.001,1e-05,128,3,9.174795062803785e-06,1.0,1.0,1.0645275847642609e-05,1.0,1.0,1.1990682375316476e-05,1.0,1.0,1.1917097951060863e-05,1.0,1.0,,,,,,,,,
supervised,Localization,resnet18,params_8eceee31,0.001,1e-05,128,11,6.873612294235287e-06,1.0,1.0,8.345786160850595e-06,1.0,1.0,9.96152166305947e-06,1.0,1.0,9.246758348087677e-06,1.0,1.0,,,,,,,,,
supervised,Localization,resnet18,params_a2da4f9a,0.001,1e-05,128,99,0.0005156517438386587,1.0,1.0,0.0006151507570689847,1.0,1.0,0.0006942371635048995,1.0,1.0,0.0007177318234797494,1.0,1.0,,,,,,,,,
supervised,Localization,transformer,params_1d22790e,0.001,1e-05,128,99,0.03446179730511767,0.9945255474452555,0.9945210930429907,0.03160456282247143,0.9948320413436692,0.9948248443386783,0.04979273521346616,0.9915730337078652,0.9929646575189128,0.0003175744219928398,1.0,1.0,,,,,,,,,
supervised,Localization,transformer,params_503b8851,0.001,1e-05,128,11,0.04462522665297028,0.9927007299270073,0.9927072215547507,0.039439372395278706,0.9931093884582257,0.9931328590863711,0.05857863087531472,0.9887640449438202,0.9915542865913588,0.0018696492746870016,1.0,1.0,,,,,,,,,
supervised,Localization,transformer,params_70cab9ce,0.001,1e-05,128,42,0.10281495925338163,0.9799270072992701,0.9798504082665518,0.05244841779764998,0.9896640826873385,0.9895984916279883,0.012514217672974205,0.9971910112359551,0.9971939444322494,0.0003694791132982835,1.0,1.0,,,,,,,,,
supervised,Localization,transformer,params_8092f941,0.001,1e-05,128,3,0.04567528676486363,0.9908759124087592,0.9908101757154771,0.02530673108780129,0.9931093884582257,0.9930688360225558,0.007994603355195416,0.9943820224719101,0.9943736755835779,0.0058559435969115555,0.9961089494163424,0.9961082515326398,,,,,,,,,
supervised,Localization,vit,params_3537ad91,0.001,1e-05,128,99,0.02540167810626491,0.9945255474452555,0.9944974058764293,0.020507329218486657,0.9948320413436692,0.9948253212444558,0.027019901623625015,0.9915730337078652,0.9929659153910536,0.0010498329321672625,1.0,1.0,,,,,,,,,
supervised,Localization,vit,params_52fa036f,0.001,1e-05,128,42,0.027270884626973284,0.9927007299270073,0.9926985942123651,0.01848792060018452,0.9956933677863911,0.9956857151095094,0.002465694316066383,1.0,1.0,0.02195425200500754,0.9961089494163424,0.9961110149647507,,,,,,,,,
supervised,Localization,vit,params_8731729f,0.001,1e-05,128,3,0.011577660081921702,0.9981751824817519,0.9981731205410532,0.005806093221476372,0.9991386735572783,0.999136899946621,0.0008203079858585523,1.0,1.0,0.00040578589242872156,1.0,1.0,,,,,,,,,
supervised,Localization,vit,params_f333e7e8,0.001,1e-05,128,11,0.019336598129929418,0.9945255474452555,0.994527255693985,0.009499110994899836,0.9974160206718347,0.9974144912603535,0.0008264093632349388,1.0,1.0,0.000536221624573997,1.0,1.0,,,,,,,,,
supervised,Localization,patchtst,params_08afe0d3,0.001,1e-05,128,99,0.0022341560021749813,1.0,1.0,0.0016555258322689236,1.0,1.0,0.001256194955857701,1.0,1.0,0.0009748743546235191,1.0,1.0,,,,,,,,,
supervised,Localization,patchtst,params_34828ef5,0.001,1e-05,128,11,0.011169193329520686,0.9981751824817519,0.9981754521778172,0.00669031074379852,0.9982773471145564,0.9982790915132939,0.0003409473442281544,1.0,1.0,0.005935232265863037,0.9961089494163424,0.9980434830398557,,,,,,,,,
supervised,Localization,patchtst,params_7a36f67f,0.001,1e-05,128,42,0.011431367999880853,0.9963503649635036,0.9963406342354582,0.005973364047434993,0.9982773471145564,0.9982712768702694,0.0011327481368200833,1.0,1.0,0.0010405712050262563,1.0,1.0,,,,,,,,,
supervised,Localization,patchtst,params_90990f7e,0.001,1e-05,128,3,0.0013848337562360467,1.0,1.0,0.000719213125399317,1.0,1.0,0.00011487174524109435,1.0,1.0,0.00013705486774735393,1.0,1.0,,,,,,,,,
supervised,Localization,timesformer1d,params_015ccc41,0.001,1e-05,128,99,6.781369987297396e-05,1.0,1.0,0.00035339677323323326,1.0,1.0,3.407751415232249e-05,1.0,1.0,0.0014046693330525117,1.0,1.0,,,,,,,,,
supervised,Localization,timesformer1d,params_50850af7,0.001,1e-05,128,42,8.017368942675908e-05,1.0,1.0,5.7798310787726634e-05,1.0,1.0,4.033163959013947e-05,1.0,1.0,3.428246457407619e-05,1.0,1.0,,,,,,,,,
supervised,Localization,timesformer1d,params_b0adb232,0.001,1e-05,128,3,0.0008825851140380667,1.0,1.0,0.00047667546596953246,1.0,1.0,0.00011683839922339205,1.0,1.0,0.00010960740026504215,1.0,1.0,,,,,,,,,
supervised,Localization,timesformer1d,params_eb782b8f,0.001,1e-05,128,11,0.0019950756707983294,1.0,1.0,0.0014508606169716127,1.0,1.0,0.0010371666487955142,1.0,1.0,0.0008634880263492436,1.0,1.0,,,,,,,,,
supervised,FallDetection,mlp,params_00354554,0.001,1e-05,128,3,0.6435776948928833,0.6164383561643836,0.6124916471767459,0.1714219558150021,0.9243781094527364,0.924434794740202,0.12202492046877335,0.9551912568306011,0.9552018839626993,0.8026524186134338,0.5882352941176471,0.5795665634674921,,,,,,,,,
supervised,FallDetection,mlp,params_28a476f2,0.001,1e-05,128,42,0.6251091957092285,0.6301369863013698,0.6281877741079647,0.17654520136799978,0.9144278606965174,0.9142905226951661,0.1329953637930865,0.940983606557377,0.941011439477389,0.5943636298179626,0.7058823529411765,0.6996904024767803,,,,,,,,,
supervised,FallDetection,mlp,params_5e25208c,0.001,1e-05,128,11,0.6078983545303345,0.6301369863013698,0.6298585274165976,0.1907317855761419,0.9144278606965174,0.9145826203834552,0.15250770501751718,0.940983606557377,0.9411163902147329,0.4567239284515381,0.7058823529411765,0.7058823529411765,,,,,,,,,
supervised,FallDetection,mlp,params_d9a1683c,0.001,1e-05,128,99,0.6274250745773315,0.6712328767123288,0.66567767186415,0.16743372941195075,0.9333333333333333,0.9335500778671034,0.12493467571956864,0.9562841530054644,0.9563825112701726,0.4796236753463745,0.8235294117647058,0.8222910216718267,,,,,,,,,
supervised,FallDetection,lstm,params_0cf575ed,0.001,1e-05,128,99,0.5773976445198059,0.6712328767123288,0.6511150817285422,0.14106866638755325,0.9472636815920398,0.947350035513719,0.0862037679211038,0.9737704918032787,0.9737578356858902,1.2204430103302002,0.7058823529411765,0.6843352725705667,,,,,,,,,
supervised,FallDetection,lstm,params_3bd37380,0.001,1e-05,128,11,0.6151360869407654,0.684931506849315,0.6846943011326573,0.13507726128718153,0.9442786069651742,0.944360196270138,0.0887202090904361,0.9704918032786886,0.970551913173129,0.5687485933303833,0.6470588235294118,0.6446078431372548,,,,,,,,,
supervised,FallDetection,lstm,params_3e14d7a6,0.001,1e-05,128,42,0.6248328685760498,0.6301369863013698,0.6079729105741112,0.13147753316223326,0.9492537313432836,0.9489496418165234,0.07994863918977357,0.9781420765027322,0.9781207436945143,0.786418080329895,0.7647058823529411,0.7546218487394958,,,,,,,,,
supervised,FallDetection,lstm,params_90ecd1d5,0.001,1e-05,128,3,0.5937548875808716,0.6986301369863014,0.6984038833353903,0.11775898088270159,0.9562189054726368,0.956166788122432,0.06530296161027799,0.9825136612021858,0.9825136612021858,0.8971452116966248,0.6470588235294118,0.6446078431372548,,,,,,,,,
supervised,FallDetection,resnet18,params_607c4475,0.001,1e-05,128,42,0.566222608089447,0.726027397260274,0.7232083194119613,0.12975079995482716,0.9482587064676616,0.9483162047943944,0.08774354715164893,0.9693989071038251,0.9694274386666758,0.5164782404899597,0.7647058823529411,0.7546218487394958,,,,,,,,,
supervised,FallDetection,resnet18,params_7dca26b1,0.001,1e-05,128,99,0.9288101196289062,0.6712328767123288,0.6458085778983477,0.14072379275637478,0.9502487562189055,0.9504325138653498,0.0708761938445555,0.9748633879781421,0.9749036882091494,0.5160834193229675,0.8235294117647058,0.8198142414860682,,,,,,,,,
supervised,FallDetection,resnet18,params_7f46b5f6,0.001,1e-05,128,3,0.5184159874916077,0.6986301369863014,0.6970319634703196,0.14089516834981405,0.9512437810945273,0.9512713515591046,0.09734475911376092,0.9759562841530055,0.975978701809531,0.8638129234313965,0.7058823529411765,0.6843352725705667,,,,,,,,,
supervised,FallDetection,resnet18,params_f9d4782b,0.001,1e-05,128,11,0.7025811076164246,0.6575342465753424,0.6572764142746276,0.140515986055284,0.945273631840796,0.9453818493546857,0.0850101722068474,0.9704918032786886,0.9705765686316788,0.7144615650177002,0.8235294117647058,0.8198142414860682,,,,,,,,,
supervised,FallDetection,transformer,params_1fd242e6,0.001,1e-05,128,11,0.6007832288742065,0.6164383561643836,0.5905631659056317,0.16136775798168942,0.9402985074626866,0.9400144394054663,0.1073222060346864,0.9715846994535519,0.9715981004891133,1.183389663696289,0.6470588235294118,0.6319327731092438,,,,,,,,,
supervised,FallDetection,transformer,params_8757f885,0.001,1e-05,128,3,0.6105871796607971,0.6301369863013698,0.6301369863013698,0.13969479124640943,0.9343283582089552,0.9342501821836483,0.0935839231874122,0.9639344262295082,0.9639257743959432,0.5994769930839539,0.6470588235294118,0.6446078431372548,,,,,,,,,
supervised,FallDetection,transformer,params_a7c88bdb,0.001,1e-05,128,99,0.564072847366333,0.7534246575342466,0.7461334511710119,0.1376632912538538,0.9512437810945273,0.9510234917322349,0.09763361137421404,0.9704918032786886,0.9704556018428174,0.4611341953277588,0.7647058823529411,0.7630718954248366,,,,,,,,,
supervised,FallDetection,transformer,params_b3aa6242,0.001,1e-05,128,42,0.6120094656944275,0.6027397260273972,0.5889486268345201,0.13227801643200773,0.945273631840796,0.9451508553146901,0.07995470268804519,0.9770491803278688,0.9770959324679892,0.8884801864624023,0.7058823529411765,0.6843352725705667,,,,,,,,,
supervised,FallDetection,vit,params_a82a60c4,0.001,1e-05,128,99,0.6262714266777039,0.6027397260273972,0.5415555254155552,0.12624892042347446,0.9422885572139303,0.9424123003524343,0.06878261289717069,0.9759562841530055,0.9759082946295854,1.0721330642700195,0.5882352941176471,0.5580693815987935,,,,,,,,,
supervised,FallDetection,vit,params_bd2805cd,0.001,1e-05,128,11,0.5968782305717468,0.6712328767123288,0.6644670898763783,0.14472088932397947,0.9442786069651742,0.9440400913618463,0.10109996983140218,0.9683060109289617,0.9682509649228386,0.5509365200996399,0.8235294117647058,0.8235294117647058,,,,,,,,,
supervised,FallDetection,vit,params_ddb5fd0d,0.001,1e-05,128,3,0.5593845248222351,0.6712328767123288,0.671356287794644,0.15325705997682923,0.9492537313432836,0.9492634079122294,0.11593499228058006,0.9737704918032787,0.9738067492803626,0.41810372471809387,0.8235294117647058,0.8198142414860682,,,,,,,,,
supervised,FallDetection,vit,params_efb8161a,0.001,1e-05,128,42,0.5937362313270569,0.684931506849315,0.685049842433597,0.11645617661487997,0.9552238805970149,0.9551797100284999,0.07332280821273805,0.9781420765027322,0.9781315297382418,0.38854947686195374,0.8823529411764706,0.8815359477124184,,,,,,,,,
supervised,FallDetection,patchtst,params_19098a39,0.001,1e-05,128,99,0.6297504901885986,0.6438356164383562,0.6401708152355495,0.13156515591180146,0.9432835820895522,0.9432503882006912,0.07390557322752932,0.9737704918032787,0.9737578356858902,1.095740795135498,0.5882352941176471,0.519879097884213,,,,,,,,,
supervised,FallDetection,patchtst,params_1dd959af,0.001,1e-05,128,11,0.6142645478248596,0.6027397260273972,0.581309101857047,0.14487070278148745,0.9333333333333333,0.9335297065443581,0.09541553052071014,0.9650273224043716,0.9650910249136532,0.7910901308059692,0.6470588235294118,0.606951871657754,,,,,,,,,
supervised,FallDetection,patchtst,params_ad727104,0.001,1e-05,128,42,0.628189742565155,0.6027397260273972,0.5753369073723587,0.1395128935427215,0.9353233830845771,0.9354067407496465,0.09225977322117226,0.966120218579235,0.9660437237295283,0.5844071507453918,0.7058823529411765,0.7058823529411765,,,,,,,,,
supervised,FallDetection,patchtst,params_de90de3e,0.001,1e-05,128,3,0.5802643299102783,0.6575342465753424,0.6575342465753424,0.11587338345264321,0.9492537313432836,0.9492036713656329,0.0649874085611333,0.980327868852459,0.980355061960272,0.8605863451957703,0.5294117647058824,0.41960784313725485,,,,,,,,,
supervised,FallDetection,timesformer1d,params_707107a2,0.001,1e-05,128,42,0.5853615403175354,0.6986301369863014,0.6984038833353903,0.14066012257070684,0.9442786069651742,0.9441655825254216,0.09926797943037065,0.9683060109289617,0.9682984078024955,0.458931565284729,0.7058823529411765,0.6843352725705667,,,,,,,,,
supervised,FallDetection,timesformer1d,params_a6d341be,0.001,1e-05,128,99,0.5673306584358215,0.684931506849315,0.6703228371883249,0.1568668210906769,0.936318407960199,0.9364116528801577,0.11460083433187725,0.9628415300546448,0.9629848622096536,0.6691917181015015,0.5882352941176471,0.48575163398692806,,,,,,,,,
supervised,FallDetection,timesformer1d,params_ab792f98,0.001,1e-05,128,3,0.7987777590751648,0.5205479452054794,0.3564112057262742,0.17920158388306254,0.9233830845771144,0.9239434696724047,0.12027217980291023,0.9606557377049181,0.960822272409874,0.690457820892334,0.6470588235294118,0.6470588235294118,,,,,,,,,
supervised,FallDetection,timesformer1d,params_ed61982e,0.001,1e-05,128,11,0.553858757019043,0.726027397260274,0.7223951847239518,0.11951601706927095,0.9502487562189055,0.9501895319573093,0.07925022589704378,0.9715846994535519,0.9716111930476277,0.4216439723968506,0.7647058823529411,0.7647058823529411,,,,,,,,,
supervised,ProximityRecognition,mlp,params_335701ad,0.001,1e-05,128,99,,,,0.6026278254058626,0.765625,0.7650304981734196,,,,,,,3.721826372501853,0.2943334692213616,0.2811905966462179,3.637512632814908,0.2635494155154091,0.2238956681185458,3.8539924071766882,0.2636484687083888,0.17320391100557264
supervised,ProximityRecognition,mlp,params_8870b2f9,0.001,1e-05,128,3,,,,0.5995771189530691,0.7673611111111112,0.7661204960436672,,,,,,,3.2914231040018023,0.29107215654300855,0.2790094707349797,2.851426507917398,0.2543393552957846,0.20354650877116803,3.265079755370769,0.2633155792276964,0.16388420544734367
supervised,ProximityRecognition,mlp,params_c8a92409,0.001,1e-05,128,42,,,,0.5981749853602162,0.7685185185185185,0.7678910499651577,,,,,,,3.779416279092012,0.289441500203832,0.2635176669005595,3.412433744110286,0.2642578816861495,0.21555385894883575,3.508483984935458,0.2536617842876165,0.1736228981007458
supervised,ProximityRecognition,mlp,params_fc16fc3d,0.001,1e-05,128,11,,,,0.5854900324786151,0.7806712962962963,0.779435209693342,,,,,,,4.052029731027749,0.27435792906644924,0.2688597511647555,3.897454775355194,0.24831739284449167,0.1915039271523793,4.101469398710564,0.2669773635153129,0.1819891714614855
supervised,ProximityRecognition,lstm,params_5d4fd373,0.001,1e-05,128,99,,,,0.9310221230542218,0.6846064814814815,0.6862325310453861,,,,,,,4.627415797897928,0.26049735018344883,0.2538993551373962,3.0608793186710694,0.2950761601133546,0.27184076159798276,4.403756047434083,0.2992676431424767,0.25631897348723176
supervised,ProximityRecognition,lstm,params_a485f3b2,0.001,1e-05,128,11,,,,1.0456144257828042,0.7065972222222222,0.7062883181456505,,,,,,,5.14279887043213,0.25397472482674277,0.2540381922176705,3.798055967539707,0.27098831030818277,0.25236480161315183,4.791343078731538,0.2932756324900133,0.24067380534681224
supervised,ProximityRecognition,lstm,params_ac157710,0.001,1e-05,128,42,,,,0.9641644204104388,0.6585648148148148,0.6579134724399296,,,,,,,4.7073370398725,0.2062780269058296,0.1983981111459086,3.059251438587471,0.2872830322352108,0.27301954540361373,4.533816593980662,0.28828229027962715,0.22780704285833345
supervised,ProximityRecognition,lstm,params_bc9c596a,0.001,1e-05,128,3,,,,0.9726158336356834,0.6302083333333334,0.6282204057079546,,,,,,,3.6896921416757498,0.2747655931512434,0.2653296588566725,2.550245283513976,0.2922422954303932,0.2732540869708097,3.679719833337197,0.2872836218375499,0.22841022911047457
supervised,ProximityRecognition,resnet18,params_9af72a18,0.001,1e-05,128,3,,,,0.44199457323109664,0.8148148148148148,0.8137503787392711,,,,,,,3.2544000897172323,0.2433754586220954,0.2288895466606523,3.6573046821278754,0.3053489195890896,0.2892931466562131,2.4014418794167107,0.34653794940079896,0.28582352945919415
supervised,ProximityRecognition,resnet18,params_ae642bef,0.001,1e-05,128,42,,,,0.467383258872562,0.8101851851851852,0.8096087230803166,,,,,,,3.291776971626515,0.3750509580105993,0.34499795617738954,2.9797496213067984,0.33120793482111227,0.3124902228298517,2.738106443307371,0.31358189081225035,0.24084884930308817
supervised,ProximityRecognition,resnet18,params_e209a71c,0.001,1e-05,128,11,,,,0.4775134137383214,0.8396990740740741,0.839638293813615,,,,,,,4.17577319430955,0.2878108438646555,0.25811213326559507,4.5352454403381675,0.32624867162592985,0.29320619850243657,3.2545843936512853,0.3298934753661784,0.2786422715934464
supervised,ProximityRecognition,resnet18,params_e550545a,0.001,1e-05,128,99,,,,0.5021581771197142,0.8165509259259259,0.8167145722946461,,,,,,,3.7613970898046234,0.3412148389726865,0.28514361134353244,3.4402016057978275,0.2639036486007793,0.22551636697445382,2.414059146117672,0.3169107856191744,0.3001482461719059
supervised,ProximityRecognition,transformer,params_21c5ccd7,0.001,1e-05,128,3,,,,0.7328120094758493,0.8130787037037037,0.811782853639194,,,,,,,6.132637742622818,0.32694659600489195,0.3075766721133283,5.143447360205304,0.31845554374778606,0.2857389932186122,6.334685129179221,0.3015978695073236,0.22029692253380923
supervised,ProximityRecognition,transformer,params_79df1e49,0.001,1e-05,128,11,,,,0.8495135528069956,0.7378472222222222,0.7342728372397945,,,,,,,4.398916301597897,0.32409294741133304,0.314681156720614,4.050690588611599,0.30889125044279137,0.2933822458925258,3.544568709939837,0.3055925432756325,0.28052039180929494
supervised,ProximityRecognition,transformer,params_9f7f7043,0.001,1e-05,128,42,,,,0.7097743882073296,0.7824074074074074,0.7825150652368938,,,,,,,4.457296787495765,0.31675499388503875,0.27397258375036954,3.42431122480535,0.31739284449167554,0.3025386959615063,4.258935130053707,0.31091877496671105,0.2584409566943
supervised,ProximityRecognition,transformer,params_bd91f15f,0.001,1e-05,128,99,,,,1.0046151015493605,0.7673611111111112,0.7652525073799539,,,,,,,5.2011497128607544,0.2763962494904199,0.2652623750306709,4.8406147696724435,0.27594757350336524,0.27128315534583747,5.755176982355023,0.28828229027962715,0.22273912548955124
supervised,ProximityRecognition,vit,params_33df120b,0.001,1e-05,128,11,,,,0.5826091159273077,0.7905092592592593,0.7897320451500178,,,,,,,3.2386181408663184,0.2845495311863025,0.28284708927425967,3.0338838235562546,0.2869287991498406,0.2799079612172795,3.401232660863395,0.3119174434087883,0.24956224942082855
supervised,ProximityRecognition,vit,params_5659eaef,0.001,1e-05,128,42,,,,0.6011855988590805,0.7818287037037037,0.7817750911928364,,,,,,,3.267660330411706,0.31186302486750916,0.28806715069663474,2.9800664410707673,0.3003896563939072,0.28953648377935154,3.425931622028678,0.2939414114513981,0.2398562244860067
supervised,ProximityRecognition,vit,params_b78a9cb6,0.001,1e-05,128,3,,,,0.6829686562220255,0.7615740740740741,0.760714254768286,,,,,,,3.002101259636383,0.352221769262128,0.3303004691104932,3.159953139624695,0.27027984413744244,0.26834444571659766,3.2648140065639852,0.30958721704394143,0.25861666964904645
supervised,ProximityRecognition,vit,params_fb78aef9,0.001,1e-05,128,99,,,,0.6708407247508014,0.7482638888888888,0.7483180021294049,,,,,,,2.8805642637564266,0.3330615572768039,0.32423879969061314,3.1354014457982355,0.2628409493446688,0.24998234465271635,3.253362993961485,0.28828229027962715,0.21314271141120295
supervised,ProximityRecognition,patchtst,params_26c93933,0.001,1e-05,128,3,,,,0.6668976887508675,0.8026620370370371,0.8025394670485925,,,,,,,3.6032190361753855,0.31267835303709746,0.2827405321327067,3.728762242881026,0.26071555083244774,0.25168301265550175,4.009861598777512,0.29161118508655126,0.23732948023509365
supervised,ProximityRecognition,patchtst,params_437e6af0,0.001,1e-05,128,99,,,,0.710288714479517,0.7870370370370371,0.7871992561513571,,,,,,,4.013849515906397,0.2763962494904199,0.25327435412086574,3.593720610412857,0.2688629117959617,0.2604655437703543,3.9845533267596114,0.2856191744340879,0.22801394587901727
supervised,ProximityRecognition,patchtst,params_6379c126,0.001,1e-05,128,11,,,,0.5939105429031231,0.7928240740740741,0.7922449130699197,,,,,,,2.9474985187381955,0.27313493681206685,0.2718083940277852,3.012209315778007,0.28622033297910027,0.27011548445693123,3.2158112668130947,0.296271637816245,0.23830106974591955
supervised,ProximityRecognition,patchtst,params_90fefbb7,0.001,1e-05,128,42,,,,0.626776119073232,0.7876157407407407,0.7877901990927095,,,,,,,3.6717945590487706,0.2629433346922136,0.25633118227428786,3.3588796162221013,0.24087849805171804,0.2318076117223877,3.265142408354622,0.2809587217043941,0.22253074097821487
supervised,ProximityRecognition,timesformer1d,params_0015c2f5,0.001,1e-05,128,3,,,,0.6865646474891238,0.7505787037037037,0.7493588512083238,,,,,,,3.4356054290795006,0.273542600896861,0.24250254309958658,3.0137291790701757,0.29543039319872477,0.28522830502593316,3.178998011822866,0.31158455392809586,0.252489329123389
supervised,ProximityRecognition,timesformer1d,params_547ccde6,0.001,1e-05,128,11,,,,0.7626428648277566,0.7453703703703703,0.7458989324033573,,,,,,,3.223398559636794,0.29514879739094985,0.28219316356599844,3.250780391642442,0.2858660998937301,0.2614123643885761,3.282315550567942,0.30892143808255657,0.2653717144557787
supervised,ProximityRecognition,timesformer1d,params_6f9349a8,0.001,1e-05,128,42,,,,0.7633990115589566,0.7528935185185185,0.7534289123042741,,,,,,,3.3675748505885874,0.2531593966571545,0.22928528256317893,3.30938070664117,0.2688629117959617,0.23902350387875715,2.999075447274905,0.30326231691078565,0.2733424677615057
supervised,ProximityRecognition,timesformer1d,params_c73e1838,0.001,1e-05,128,99,,,,0.7034937849751225,0.7604166666666666,0.7591224110774917,,,,,,,3.6187359628651428,0.29596412556053814,0.28003013549335837,2.8169354761149332,0.3390010626992561,0.3316959484760336,3.1226376258382467,0.32390146471371506,0.2878023286696365
supervised,HumanActivityRecognition,mlp,params_8df04c67,0.001,1e-05,128,99,,,,0.5358157674705281,0.8511764705882353,0.8482059456040789,,,,,,,4.565981363519251,0.3654699475594998,0.3468448996256222,6.109629345951148,0.3132508833922262,0.3130052562716991,4.81431265554302,0.4898609016256075,0.4080438777419192
supervised,HumanActivityRecognition,mlp,params_9beb1a48,0.001,1e-05,128,11,,,,0.5323172208491493,0.8332352941176471,0.8271127215696721,,,,,,,3.6229773516999275,0.40197660346914077,0.3747744551332932,4.733938025754248,0.3316254416961131,0.32963691292726566,3.953482524087446,0.4940506116976705,0.400576941491128
supervised,HumanActivityRecognition,mlp,params_c9d04bf1,0.001,1e-05,128,3,,,,0.525136827581069,0.8426470588235294,0.8399740001593073,,,,,,,3.597232212410573,0.3775716014521985,0.37045874835978365,4.864130738598719,0.3335689045936396,0.3328286249390294,3.65384242043476,0.4799731858555388,0.39853165715280825
supervised,HumanActivityRecognition,mlp,params_e69cc5aa,0.001,1e-05,128,42,,,,0.5238279538294849,0.8373529411764706,0.8356268207003211,,,,,,,3.7488032568361835,0.36708350141185964,0.36184123044324834,5.029766700798547,0.3254416961130742,0.3237022887599218,3.9031447916348934,0.4865091335679571,0.4118610436245972
supervised,HumanActivityRecognition,lstm,params_7ba8493a,0.001,1e-05,128,42,,,,0.97416051976821,0.7214705882352941,0.7066632524442514,,,,,,,2.963406248287887,0.40782573618394513,0.39260569715344057,3.5528721651634987,0.4436395759717314,0.38090271250853647,2.5802424565739264,0.543489190548014,0.4484548343617963
supervised,HumanActivityRecognition,lstm,params_823f8326,0.001,1e-05,128,99,,,,0.8939439937647651,0.7664705882352941,0.7618067220276437,,,,,,,3.0281967903431406,0.42496974586526826,0.3993090430391599,3.5882470319001496,0.3902826855123675,0.3626083481866228,2.5929072438841474,0.5498575498575499,0.474455207112484
supervised,HumanActivityRecognition,lstm,params_98fd46a4,0.001,1e-05,128,3,,,,0.9299495485249688,0.7735294117647059,0.7655234172477225,,,,,,,3.531343640027002,0.42396127470754336,0.39910892972983747,4.305835103125117,0.4070671378091873,0.36311570077551125,3.031563722976932,0.5614211496564437,0.48761248822597336
supervised,HumanActivityRecognition,lstm,params_fae20bf5,0.001,1e-05,128,11,,,,0.979072959282819,0.6770588235294117,0.6533102854599465,,,,,,,2.167733047940453,0.3864461476401775,0.38439916237689675,3.0936991622928174,0.46802120141342757,0.3885498958487348,2.2814838503081134,0.546673370202782,0.4486682696275894
supervised,HumanActivityRecognition,resnet18,params_7975cf05,0.001,1e-05,128,3,,,,0.43730209939620074,0.8364705882352941,0.8408451334587715,,,,,,,3.7361472192528073,0.23557886244453408,0.22163377895868983,3.005944375014558,0.3439929328621908,0.32965325325281974,2.365847253951272,0.47544829897771074,0.40298593087354023
supervised,HumanActivityRecognition,resnet18,params_ae6cdc91,0.001,1e-05,128,42,,,,0.3905157844809925,0.8594117647058823,0.8562225541643361,,,,,,,3.1765507124469567,0.3469140782573618,0.3664356164568254,3.870923606245762,0.3371024734982332,0.3283175794600362,2.6866779026522476,0.5151667504608681,0.4161703595173832
supervised,HumanActivityRecognition,resnet18,params_fb657b46,0.001,1e-05,128,99,,,,0.44912756905836215,0.8414705882352941,0.8335979026714805,,,,,,,2.808313295167028,0.3029447357805567,0.32867877168192833,3.1308141951004944,0.3858657243816254,0.3547705797336337,2.802324920318345,0.5077928607340372,0.39402881651321936
supervised,HumanActivityRecognition,resnet18,params_fe288840,0.001,1e-05,128,11,,,,0.43528194132973164,0.8479411764705882,0.8401320546608867,,,,,,,3.100430845204454,0.3303751512706737,0.3367962226752547,3.3121877707356697,0.3996466431095406,0.35541616241609203,2.810761020345436,0.49824032176973354,0.404874534859219
supervised,HumanActivityRecognition,transformer,params_11d81b32,0.001,1e-05,128,11,,,,0.82151198387146,0.7547058823529412,0.7584315530811346,,,,,,,3.724854386396204,0.2874142799515934,0.30081605752090407,3.7736585111584344,0.36042402826855124,0.35887663621278826,2.536509212065886,0.5418133065191889,0.47968005964205274
supervised,HumanActivityRecognition,transformer,params_1ca0c128,0.001,1e-05,128,42,,,,0.7837725392509909,0.7576470588235295,0.7537456057832458,,,,,,,3.3618243787018414,0.32977006857603874,0.34266784106555215,3.6754637841622317,0.4068904593639576,0.3847000141595103,2.5086382745957283,0.5562259091670856,0.4903702277311307
supervised,HumanActivityRecognition,transformer,params_779b0738,0.001,1e-05,128,99,,,,0.8553160022286808,0.7408823529411764,0.7452960342209592,,,,,,,3.6627503574351334,0.2936668011294877,0.31591986593283017,3.83851271374908,0.3420494699646643,0.34617216135738094,2.3260842098829353,0.5726495726495726,0.49936241906420226
supervised,HumanActivityRecognition,transformer,params_80a871cc,0.001,1e-05,128,3,,,,0.7296345222697539,0.7626470588235295,0.7622763149482493,,,,,,,3.1270386742795364,0.31988705123033484,0.34374300055913526,4.000239904019521,0.3498233215547703,0.3520335350299454,2.4566658309542078,0.5579017931959108,0.48991493613722925
supervised,HumanActivityRecognition,vit,params_13121bb9,0.001,1e-05,128,3,,,,0.4846349458133473,0.8358823529411765,0.8339034908908664,,,,,,,3.526336416403773,0.29608713190802743,0.31578650163039673,3.5608158162120374,0.2950530035335689,0.3077964256214655,2.4766724929151094,0.4913691972515502,0.4072345154417578
supervised,HumanActivityRecognition,vit,params_a2735018,0.001,1e-05,128,99,,,,0.4476310154269723,0.8585294117647059,0.8564608777783714,,,,,,,3.458245088420312,0.34509883017345705,0.3460725748109953,4.259247907564412,0.3014134275618375,0.30603104303896017,2.8639831068738735,0.5242165242165242,0.44123121843156654
supervised,HumanActivityRecognition,vit,params_b3ea8835,0.001,1e-05,128,11,,,,0.5291055912130019,0.8132352941176471,0.808949182470984,,,,,,,2.892659797068323,0.3358208955223881,0.33416927505358873,3.0950602116938613,0.37491166077738514,0.3513673633287406,1.9838575883308847,0.5258924082453494,0.4457857112115143
supervised,HumanActivityRecognition,vit,params_f030d806,0.001,1e-05,128,42,,,,0.5098539445680731,0.8270588235294117,0.8235186123916193,,,,,,,3.0528654230847962,0.2801532876159742,0.3044372221804469,3.643072079906615,0.36978798586572437,0.33646195417361274,2.420167343329201,0.518350930115636,0.43900964521529884
supervised,HumanActivityRecognition,patchtst,params_5a0b925a,0.001,1e-05,128,99,,,,0.49448794772081517,0.8720588235294118,0.8722076134833049,,,,,,,3.9620674424904303,0.28035498184751917,0.296693485769418,4.120670629979865,0.37809187279151946,0.33116746297528726,3.1574999422848835,0.4940506116976705,0.4242981956614729
supervised,HumanActivityRecognition,patchtst,params_5c867f8e,0.001,1e-05,128,42,,,,0.4912074687901665,0.8714705882352941,0.8717550763059386,,,,,,,4.27892074608043,0.291246470350948,0.29884016758454124,4.355843352157846,0.3743816254416961,0.33906257512591925,3.14317427483689,0.5178481649069885,0.4448994512787341
supervised,HumanActivityRecognition,patchtst,params_b4cb996f,0.001,1e-05,128,11,,,,0.49081342133529043,0.8644117647058823,0.8652504201260091,,,,,,,4.042470330718834,0.3162565550625252,0.3188858344691529,3.8446230846164293,0.35600706713780916,0.33545736188660374,3.173053547269249,0.4712585889056477,0.40820474051357597
supervised,HumanActivityRecognition,patchtst,params_f9ea1fbe,0.001,1e-05,128,3,,,,0.5281158912883085,0.8185294117647058,0.8139660054952166,,,,,,,3.165037362505323,0.3075837031060912,0.31561482297832444,2.990197730296071,0.38851590106007067,0.335587572644647,2.3467525262938125,0.5069549187196246,0.4410307995303107
supervised,HumanActivityRecognition,timesformer1d,params_2cf641fc,0.001,1e-05,128,11,,,,0.5870680393541561,0.8135294117647058,0.8104446391976369,,,,,,,2.919534021926147,0.3574021782977007,0.36022963899224136,3.126053352364382,0.35547703180212015,0.34712176332719874,2.3107485395591025,0.49421820010055306,0.42317790662399074
supervised,HumanActivityRecognition,timesformer1d,params_480d733d,0.001,1e-05,128,99,,,,0.6103425809565712,0.8117647058823529,0.8069499076373414,,,,,,,2.9312121697903257,0.3592174263816055,0.35770695327280144,3.2023217311806897,0.36395759717314485,0.35941365653462065,2.4491847380134195,0.5237137590078766,0.43491849558368817
supervised,HumanActivityRecognition,timesformer1d,params_c1c324e4,0.001,1e-05,128,42,,,,0.6486153321757037,0.7902941176470588,0.7767766979183478,,,,,,,2.9591487293620413,0.3239209358612344,0.3308939790528221,3.114925395894809,0.36784452296819786,0.34785792386157716,2.2072214001044568,0.5456678397854868,0.45778679871607625
supervised,HumanActivityRecognition,timesformer1d,params_e934cbe2,0.001,1e-05,128,3,,,,0.5895170589580255,0.8402941176470589,0.8385205430033215,,,,,,,3.6827430130734276,0.3370310609116579,0.3374329746799502,3.7426406041472204,0.3674911660777385,0.33853383338436605,2.8639985975636617,0.5153343388637506,0.42863802594058914
supervised,HumanIdentification,mlp,params_20efb83b,0.001,1e-05,128,99,,,,0.0015155096511357948,0.9994212962962963,0.9994213458699668,,,,,,,6.796385948016975,0.40847941296371787,0.3443963855027371,,,,,,
supervised,HumanIdentification,mlp,params_5e53e62d,0.001,1e-05,128,3,,,,0.0021928394162050273,0.9994212962962963,0.9994213458699668,,,,,,,4.582950888627581,0.4166326946596005,0.3516793072709706,,,,,,
supervised,HumanIdentification,mlp,params_c64770d2,0.001,1e-05,128,11,,,,0.0018025598786203369,0.9994212962962963,0.9994213458699668,,,,,,,5.227556566188595,0.41744802282918875,0.3565190109074755,,,,,,
supervised,HumanIdentification,mlp,params_da94890c,0.001,1e-05,128,42,,,,0.00044110981306217853,1.0,1.0,,,,,,,7.508137180039403,0.42437831227068895,0.369042825621324,,,,,,
supervised,HumanIdentification,lstm,params_042249ac,0.001,1e-05,128,11,,,,0.006407101436774677,0.9976851851851852,0.9976826964694102,,,,,,,3.957217745771468,0.5556461475743987,0.5206136098582493,,,,,,
supervised,HumanIdentification,lstm,params_22b9b5a6,0.001,1e-05,128,99,,,,0.01666617842581925,0.9942129629629629,0.9941981352414644,,,,,,,3.2708795316186285,0.5646147574398696,0.5437970368882509,,,,,,
supervised,HumanIdentification,lstm,params_41eba9f7,0.001,1e-05,128,42,,,,0.01915722031198028,0.9936342592592593,0.9936319109744466,,,,,,,4.643951841290999,0.45739910313901344,0.40259529945654404,,,,,,
supervised,HumanIdentification,lstm,params_8f90c97b,0.001,1e-05,128,3,,,,0.01662936349640842,0.9971064814814815,0.997105758753082,,,,,,,2.977198724619379,0.5430085609457806,0.5095206828706241,,,,,,
supervised,HumanIdentification,resnet18,params_145f110d,0.001,1e-05,128,3,,,,9.507908628249964e-06,1.0,1.0,,,,,,,5.230128706983775,0.276803913575214,0.21203969163307185,,,,,,
supervised,HumanIdentification,resnet18,params_36bd8973,0.001,1e-05,128,99,,,,0.0009009309929684538,1.0,1.0,,,,,,,4.469431504297392,0.3355075417855687,0.29785010744213536,,,,,,
supervised,HumanIdentification,resnet18,params_70c617d3,0.001,1e-05,128,42,,,,0.0001649037573467164,1.0,1.0,,,,,,,3.7068827610039197,0.4618834080717489,0.3748435262075512,,,,,,
supervised,HumanIdentification,resnet18,params_de017c80,0.001,1e-05,128,11,,,,0.0005445968483939025,1.0,1.0,,,,,,,4.481530295261985,0.3909498573175703,0.3340082055693737,,,,,,
supervised,HumanIdentification,transformer,params_2d1fa180,0.001,1e-05,128,99,,,,0.03409200699280956,0.9936342592592593,0.9936247508156518,,,,,,,6.028271323265079,0.31430900937627393,0.31523008704900246,,,,,,
supervised,HumanIdentification,transformer,params_48e1021b,0.001,1e-05,128,42,,,,0.012364225929020365,0.9976851851851852,0.9976833312748328,,,,,,,5.349125193810881,0.31960864247859766,0.3052945510538785,,,,,,
supervised,HumanIdentification,transformer,params_757fe821,0.001,1e-05,128,11,,,,0.03092767960495419,0.9913194444444444,0.9913041327281383,,,,,,,5.232323916357875,0.33876885446392174,0.31416582631465695,,,,,,
supervised,HumanIdentification,transformer,params_abe19d31,0.001,1e-05,128,3,,,,0.009861319621618517,0.9976851851851852,0.9976867684036141,,,,,,,7.446637554456397,0.2755809213208316,0.23574994230760718,,,,,,
supervised,HumanIdentification,vit,params_03c2e5c7,0.001,1e-05,128,42,,,,0.03181316163735809,0.9907407407407407,0.9906673115846756,,,,,,,3.700884023783793,0.40358744394618834,0.411598479137542,,,,,,
supervised,HumanIdentification,vit,params_0e0e3881,0.001,1e-05,128,3,,,,0.014806502533179743,0.9965277777777778,0.9965233846790348,,,,,,,4.143071932740178,0.37382796575621685,0.34660866354726066,,,,,,
supervised,HumanIdentification,vit,params_b80785cd,0.001,1e-05,128,11,,,,0.01185163270889057,0.9976851851851852,0.9976835216290888,,,,,,,4.113194842558222,0.3933958418263351,0.4062068189747392,,,,,,
supervised,HumanIdentification,vit,params_fac118b0,0.001,1e-05,128,99,,,,0.02387130889541435,0.9924768518518519,0.9923994988258423,,,,,,,4.5484098904092995,0.3232776192417448,0.2885455506762132,,,,,,
supervised,HumanIdentification,patchtst,params_28274c22,0.001,1e-05,128,11,,,,0.0010626845178194344,1.0,1.0,,,,,,,5.620253367881798,0.251528740317978,0.20747155712087256,,,,,,
supervised,HumanIdentification,patchtst,params_6a43ab93,0.001,1e-05,128,99,,,,0.000649023377465912,1.0,1.0,,,,,,,4.990003679523262,0.3958418263350999,0.30717716652795185,,,,,,
supervised,HumanIdentification,patchtst,params_78147c0a,0.001,1e-05,128,42,,,,0.0017370887615942156,0.9994212962962963,0.9994213458699668,,,,,,,5.78753614172953,0.2967794537301264,0.21444689299598235,,,,,,
supervised,HumanIdentification,patchtst,params_899208c2,0.001,1e-05,128,3,,,,0.0017452446918468922,0.9994212962962963,0.999421324356996,,,,,,,5.127984704166542,0.2657969832857725,0.25607880511635,,,,,,
supervised,HumanIdentification,timesformer1d,params_609f17ff,0.001,1e-05,128,3,,,,0.017695579997692862,0.9971064814814815,0.9971072176540312,,,,,,,5.871156133829794,0.3383611903791276,0.33796113455392157,,,,,,
supervised,HumanIdentification,timesformer1d,params_87273be9,0.001,1e-05,128,42,,,,0.03312387037159944,0.9936342592592593,0.9936149133154776,,,,,,,4.506576702539356,0.31390134529147984,0.310916242597292,,,,,,
supervised,HumanIdentification,timesformer1d,params_bd5d911b,0.001,1e-05,128,99,,,,0.025994360796175897,0.9936342592592593,0.9936343549442489,,,,,,,4.745083597014498,0.21565430085609458,0.21498968661697812,,,,,,
supervised,HumanIdentification,timesformer1d,params_cf055e84,0.001,1e-05,128,11,,,,0.028939088731055596,0.9953703703703703,0.995356597173057,,,,,,,4.883669681759013,0.2825112107623318,0.29509330080416213,,,,,,
